{
    "Deliberate": {
        "concept-art": {
            "Mean": 0.91335839509964,
            "Std Dev": 0.0803458977267211
        },
        "anime": {
            "Mean": 0.8225948713719845,
            "Std Dev": 0.10237352981828805
        },
        "photo": {
            "Mean": 0.5398685956001281,
            "Std Dev": 0.11538753075095232
        },
        "paintings": {
            "Mean": 0.9038054180145263,
            "Std Dev": 0.07591380256896034
        },
        "Average": {
            "Mean": 0.7949068200215698,
            "Std Dev": 0.8805645033651263
        }
    },
    "Cog2": {
        "concept-art": {
            "Mean": 0.20923301815986636,
            "Std Dev": 0.06453601560404418
        },
        "anime": {
            "Mean": -0.4464917516708374,
            "Std Dev": 0.15670841607245997
        },
        "photo": {
            "Mean": -0.6446038699150085,
            "Std Dev": 0.08059462686265435
        },
        "paintings": {
            "Mean": 0.04560023546218872,
            "Std Dev": 0.058289151573469006
        },
        "Average": {
            "Mean": -0.20906559199094774,
            "Std Dev": 1.0619538344647923
        }
    },
    "MM": {
        "concept-art": {
            "Mean": 0.6966453731060028,
            "Std Dev": 0.08594826234729896
        },
        "anime": {
            "Mean": 0.6206413608789444,
            "Std Dev": 0.09309916997351494
        },
        "photo": {
            "Mean": 0.41488184452056887,
            "Std Dev": 0.12345432172710188
        },
        "paintings": {
            "Mean": 0.7465063762664795,
            "Std Dev": 0.08805510740500068
        },
        "Average": {
            "Mean": 0.6196687386929989,
            "Std Dev": 0.916288634362775
        }
    },
    "CM": {
        "concept-art": {
            "Mean": 0.6345387077331542,
            "Std Dev": 0.07839698492221024
        },
        "anime": {
            "Mean": 0.5729642482101917,
            "Std Dev": 0.09867842522644861
        },
        "photo": {
            "Mean": 0.4053859353065491,
            "Std Dev": 0.08948358759340343
        },
        "paintings": {
            "Mean": 0.6743949186801911,
            "Std Dev": 0.09838503295457206
        },
        "Average": {
            "Mean": 0.5718209524825215,
            "Std Dev": 0.9223316112147549
        }
    },
    "DL": {
        "concept-art": {
            "Mean": 0.6758198165893554,
            "Std Dev": 0.07259458228798497
        },
        "anime": {
            "Mean": 0.647553939819336,
            "Std Dev": 0.11114851676296642
        },
        "photo": {
            "Mean": 0.38585488796234124,
            "Std Dev": 0.125020162454144
        },
        "paintings": {
            "Mean": 0.7245792537927628,
            "Std Dev": 0.0535763746939325
        },
        "Average": {
            "Mean": 0.6084519745409489,
            "Std Dev": 0.93147096268392
        }
    },
    "VD": {
        "concept-art": {
            "Mean": -0.4355674982070923,
            "Std Dev": 0.08924959770899274
        },
        "anime": {
            "Mean": -0.5436772038042545,
            "Std Dev": 0.1374195667301997
        },
        "photo": {
            "Mean": -0.20656595706939695,
            "Std Dev": 0.13091899107311905
        },
        "paintings": {
            "Mean": -0.3066599535942078,
            "Std Dev": 0.06032973118282907
        },
        "Average": {
            "Mean": -0.3731176531687379,
            "Std Dev": 0.9627410934506543
        }
    },
    "DF-IF": {
        "concept-art": {
            "Mean": 0.5873558115959167,
            "Std Dev": 0.09576088232333428
        },
        "anime": {
            "Mean": 0.635682475566864,
            "Std Dev": 0.05722756273049728
        },
        "photo": {
            "Mean": 0.5629873991012573,
            "Std Dev": 0.08013628508474036
        },
        "paintings": {
            "Mean": 0.5648517096042633,
            "Std Dev": 0.04075704834984088
        },
        "Average": {
            "Mean": 0.5877193489670753,
            "Std Dev": 0.8662105584045077
        }
    },
    "RV": {
        "concept-art": {
            "Mean": 0.825664942264557,
            "Std Dev": 0.09523551266130877
        },
        "anime": {
            "Mean": 0.7885087324678898,
            "Std Dev": 0.08338960756360143
        },
        "photo": {
            "Mean": 0.4169310393929481,
            "Std Dev": 0.10601378687627361
        },
        "paintings": {
            "Mean": 0.7991383409500121,
            "Std Dev": 0.05140210304078973
        },
        "Average": {
            "Mean": 0.7075607637688518,
            "Std Dev": 0.9138234766859641
        }
    },
    "FD": {
        "concept-art": {
            "Mean": -0.24643990993499756,
            "Std Dev": 0.08063179999974551
        },
        "anime": {
            "Mean": -0.5099132061004639,
            "Std Dev": 0.09918363695096966
        },
        "photo": {
            "Mean": -0.19175180196762082,
            "Std Dev": 0.07579728795099261
        },
        "paintings": {
            "Mean": -0.3102521920204163,
            "Std Dev": 0.08112036563025173
        },
        "Average": {
            "Mean": -0.3145892775058746,
            "Std Dev": 0.9216811175797285
        }
    },
    "DALLE": {
        "concept-art": {
            "Mean": 0.37756056308746333,
            "Std Dev": 0.07018590227986612
        },
        "anime": {
            "Mean": 0.5099656534194947,
            "Std Dev": 0.10016486208537073
        },
        "photo": {
            "Mean": 0.3234960150718689,
            "Std Dev": 0.07135499182612771
        },
        "paintings": {
            "Mean": 0.43999451100826265,
            "Std Dev": 0.14129033247425388
        },
        "Average": {
            "Mean": 0.4127541856467724,
            "Std Dev": 0.9065070059578045
        }
    },
    "LDM": {
        "concept-art": {
            "Mean": -0.45864535450935373,
            "Std Dev": 0.08058140279349645
        },
        "anime": {
            "Mean": -0.559720766544342,
            "Std Dev": 0.09777707226581282
        },
        "photo": {
            "Mean": -0.49021523952484136,
            "Std Dev": 0.08860380550690242
        },
        "paintings": {
            "Mean": -0.4134462213516235,
            "Std Dev": 0.06751351583737954
        },
        "Average": {
            "Mean": -0.4805068954825401,
            "Std Dev": 0.9519276485741801
        }
    },
    "OJ": {
        "concept-art": {
            "Mean": 0.5004694604873657,
            "Std Dev": 0.05802748061200605
        },
        "anime": {
            "Mean": 0.39998335599899293,
            "Std Dev": 0.14640637542625168
        },
        "photo": {
            "Mean": 0.16728652477264405,
            "Std Dev": 0.07441484842445688
        },
        "paintings": {
            "Mean": 0.5840507555007933,
            "Std Dev": 0.05555574676038706
        },
        "Average": {
            "Mean": 0.412947524189949,
            "Std Dev": 0.9630471932622269
        }
    },
    "VQD": {
        "concept-art": {
            "Mean": -0.9006971144676209,
            "Std Dev": 0.1273927191202866
        },
        "anime": {
            "Mean": -1.096407114267349,
            "Std Dev": 0.091574970243332
        },
        "photo": {
            "Mean": -0.6385853481292724,
            "Std Dev": 0.08245179864018622
        },
        "paintings": {
            "Mean": -0.7920573019981385,
            "Std Dev": 0.06144905598214798
        },
        "Average": {
            "Mean": -0.8569367197155953,
            "Std Dev": 0.9475981983480923
        }
    },
    "glide": {
        "concept-art": {
            "Mean": -1.6007139849662781,
            "Std Dev": 0.08051384001965237
        },
        "anime": {
            "Mean": -1.8127320384979246,