{
    "Deliberate": {
        "concept-art": {
            "Mean": 0.46522430805023757,
            "Std Dev": 0.01001480741365625
        },
        "anime": {
            "Mean": 0.46773627993650735,
            "Std Dev": 0.012419264322523901
        },
        "photo": {
            "Mean": 0.44980244528967883,
            "Std Dev": 0.00944824624138285
        },
        "paintings": {
            "Mean": 0.4650955261010677,
            "Std Dev": 0.01379531416161871
        },
        "Average": {
            "Mean": 0.46196463984437286,
            "Std Dev": 0.09033185342501858
        }
    },
    "Cog2": {
        "concept-art": {
            "Mean": 0.4569396539148875,
            "Std Dev": 0.004394755366039135
        },
        "anime": {
            "Mean": 0.409146210225299,
            "Std Dev": 0.007973024889309031
        },
        "photo": {
            "Mean": 0.39947250874247403,
            "Std Dev": 0.007915195233217202
        },
        "paintings": {
            "Mean": 0.44996063417755067,
            "Std Dev": 0.0082510485881313
        },
        "Average": {
            "Mean": 0.4288797517650528,
            "Std Dev": 0.09546724683694473
        }
    },
    "MM": {
        "concept-art": {
            "Mean": 0.4531815773248673,
            "Std Dev": 0.012126011311188904
        },
        "anime": {
            "Mean": 0.45002302985638376,
            "Std Dev": 0.004599103193822116
        },
        "photo": {
            "Mean": 0.4439205302018673,
            "Std Dev": 0.010033211762209816
        },
        "paintings": {
            "Mean": 0.4534229022194632,
            "Std Dev": 0.010149239602968395
        },
        "Average": {
            "Mean": 0.45013700990064537,
            "Std Dev": 0.09090074677674682
        }
    },
    "CM": {
        "concept-art": {
            "Mean": 0.46790997514966887,
            "Std Dev": 0.008971884987989462
        },
        "anime": {
            "Mean": 0.45696572982938966,
            "Std Dev": 0.008238895865169276
        },
        "photo": {
            "Mean": 0.44697188490536066,
            "Std Dev": 0.006444269518162893
        },
        "paintings": {
            "Mean": 0.46111359876696945,
            "Std Dev": 0.013590377677006486
        },
        "Average": {
            "Mean": 0.45824029716284714,
            "Std Dev": 0.08923525134584948
        }
    },
    "DL": {
        "concept-art": {
            "Mean": 0.4665054098656401,
            "Std Dev": 0.01139224683296998
        },
        "anime": {
            "Mean": 0.46635942388325924,
            "Std Dev": 0.004877618260745496
        },
        "photo": {
            "Mean": 0.45419157031923535,
            "Std Dev": 0.008878431009120105
        },
        "paintings": {
            "Mean": 0.47135321750771253,
            "Std Dev": 0.008331843520011562
        },
        "Average": {
            "Mean": 0.4646024053939618,
            "Std Dev": 0.09291295024048613
        }
    },
    "VD": {
        "concept-art": {
            "Mean": 0.42886719574220483,
            "Std Dev": 0.006324590522645472
        },
        "anime": {
            "Mean": 0.4274484779872,
            "Std Dev": 0.01275486104529622
        },
        "photo": {
            "Mean": 0.43208548733964564,
            "Std Dev": 0.00839682165116553
        },
        "paintings": {
            "Mean": 0.4429746964445804,
            "Std Dev": 0.010261039825583955
        },
        "Average": {
            "Mean": 0.43284396437840766,
            "Std Dev": 0.09230887577945557
        }
    },
    "DF-IF": {
        "concept-art": {
            "Mean": 0.4680882208584808,
            "Std Dev": 0.011950876935263552
        },
        "anime": {
            "Mean": 0.4754324347549118,
            "Std Dev": 0.011495668456189453
        },
        "photo": {
            "Mean": 0.46971441561356186,
            "Std Dev": 0.009543793993668172
        },
        "paintings": {
            "Mean": 0.4723122536018491,
            "Std Dev": 0.012160647875587032
        },
        "Average": {
            "Mean": 0.4713868312072009,
            "Std Dev": 0.08874933597659998
        }
    },
    "RV": {
        "concept-art": {
            "Mean": 0.46863316041883085,
            "Std Dev": 0.004648011114851254
        },
        "anime": {
            "Mean": 0.4666938489163295,
            "Std Dev": 0.010492106987298577
        },
        "photo": {
            "Mean": 0.44717239515855906,
            "Std Dev": 0.007320580733351678
        },
        "paintings": {
            "Mean": 0.47051447018515324,
            "Std Dev": 0.00946945431650662
        },
        "Average": {
            "Mean": 0.4632534686697181,
            "Std Dev": 0.08870851770604112
        }
    },
    "FD": {
        "concept-art": {
            "Mean": 0.4420339994528331,
            "Std Dev": 0.00797966302558939
        },
        "anime": {
            "Mean": 0.433996445434168,
            "Std Dev": 0.009911955898652614
        },
        "photo": {
            "Mean": 0.4534354991279542,
            "Std Dev": 0.010147670961944789
        },
        "paintings": {
            "Mean": 0.44602304351981725,
            "Std Dev": 0.008073584671322716
        },
        "Average": {
            "Mean": 0.44387224688369314,
            "Std Dev": 0.09751257044532836
        }
    },
    "DALLE": {
        "concept-art": {
            "Mean": 0.46553124201484025,
            "Std Dev": 0.005286592263834958
        },
        "anime": {
            "Mean": 0.46492087091319256,
            "Std Dev": 0.009005009169073487
        },
        "photo": {
            "Mean": 0.46197088420391086,
            "Std Dev": 0.006725060079772957
        },
        "paintings": {
            "Mean": 0.46530254415702077,
            "Std Dev": 0.009759451793913765
        },
        "Average": {
            "Mean": 0.4644313853222411,
            "Std Dev": 0.09117992328368002
        }
    },
    "LDM": {
        "concept-art": {
            "Mean": 0.41630755596794183,
            "Std Dev": 0.009532973500708435
        },
        "anime": {
            "Mean": 0.4154316163482144,
            "Std Dev": 0.006277677238804323
        },
        "photo": {
            "Mean": 0.4194988386775367,
            "Std Dev": 0.009283235480047843
        },
        "paintings": {
            "Mean": 0.41585917172138576,
            "Std Dev": 0.00637578923268257
        },
        "Average": {
            "Mean": 0.4167742956787697,
            "Std Dev": 0.08904081176293388
        }
    },
    "OJ": {
        "concept-art": {
            "Mean": 0.4557267922710162,
            "Std Dev": 0.006617064133198308
        },
        "anime": {
            "Mean": 0.45014667748473586,
            "Std Dev": 0.010107203368527546
        },
        "photo": {
            "Mean": 0.44049120563082395,
            "Std Dev": 0.01020034430750054
        },
        "paintings": {
            "Mean": 0.454894935209304,
            "Std Dev": 0.009357112678131215
        },
        "Average": {
            "Mean": 0.45031490264897,
            "Std Dev": 0.090040704977758
        }
    },
    "VQD": {
        "concept-art": {
            "Mean": 0.39426182050490755,
            "Std Dev": 0.011708120978673976
        },
        "anime": {
            "Mean": 0.3769365369249135,
            "Std Dev": 0.011104902126297618
        },
        "photo": {
            "Mean": 0.40319246707018463,
            "Std Dev": 0.012665318173018204
        },
        "paintings": {
            "Mean": 0.39066506078233937,
            "Std Dev": 0.013646494636729619
        },
        "Average": {
            "Mean": 0.39126397132058627,
            "Std Dev": 0.10052789767651621
        }
    },
    "glide": {
        "concept-art": {
            "Mean": 0.3539751722058281,
            "Std Dev": 0.01177727541622549
        },