{
    "Deliberate": {
        "concept-art": {
            "Mean": 5.94284423828125,
            "Std Dev": 0.05603174299585965
        },
        "anime": {
            "Mean": 5.64239501953125,
            "Std Dev": 0.05585352860379979
        },
        "photo": {
            "Mean": 5.4033154296875,
            "Std Dev": 0.04845624720882051
        },
        "paintings": {
            "Mean": 6.127272949218749,
            "Std Dev": 0.06028302440928885
        },
        "Average": {
            "Mean": 5.778956909179687,
            "Std Dev": 0.5635774804855269
        }
    },
    "Cog2": {
        "concept-art": {
            "Mean": 5.52531494140625,
            "Std Dev": 0.07795082165191458
        },
        "anime": {
            "Mean": 5.377951660156251,
            "Std Dev": 0.04250487502972807
        },
        "photo": {
            "Mean": 5.26702392578125,
            "Std Dev": 0.03296030099005094
        },
        "paintings": {
            "Mean": 5.581528320312501,
            "Std Dev": 0.06996321256464505
        },
        "Average": {
            "Mean": 5.437954711914062,
            "Std Dev": 0.5512084316776978
        }
    },
    "MM": {
        "concept-art": {
            "Mean": 6.07183837890625,
            "Std Dev": 0.056089170529334036
        },
        "anime": {
            "Mean": 5.835654296875,
            "Std Dev": 0.05550683575709724
        },
        "photo": {
            "Mean": 5.4499609375,
            "Std Dev": 0.05948312571410863
        },
        "paintings": {
            "Mean": 6.22315185546875,
            "Std Dev": 0.06480343040824432
        },
        "Average": {
            "Mean": 5.8951513671875,
            "Std Dev": 0.5764298856857499
        }
    },
    "CM": {
        "concept-art": {
            "Mean": 5.89171875,
            "Std Dev": 0.0548238871543649
        },
        "anime": {
            "Mean": 5.65105224609375,
            "Std Dev": 0.06405753925934324
        },
        "photo": {
            "Mean": 5.348393554687499,
            "Std Dev": 0.03814277640982715
        },
        "paintings": {
            "Mean": 6.0756689453125,
            "Std Dev": 0.05587123526194083
        },
        "Average": {
            "Mean": 5.741708374023437,
            "Std Dev": 0.5666803435315054
        }
    },
    "DL": {
        "concept-art": {
            "Mean": 5.9724536132812505,
            "Std Dev": 0.05958971456778158
        },
        "anime": {
            "Mean": 5.69540771484375,
            "Std Dev": 0.0566198381361708
        },
        "photo": {
            "Mean": 5.475187988281251,
            "Std Dev": 0.0567328267454849
        },
        "paintings": {
            "Mean": 6.2321752929687495,
            "Std Dev": 0.06263079161712737
        },
        "Average": {
            "Mean": 5.84380615234375,
            "Std Dev": 0.5683489982522909
        }
    },
    "VD": {
        "concept-art": {
            "Mean": 5.34499267578125,
            "Std Dev": 0.07688172989362047
        },
        "anime": {
            "Mean": 5.06432861328125,
            "Std Dev": 0.08015559952827053
        },
        "photo": {
            "Mean": 5.0652978515625,
            "Std Dev": 0.04086569450916845
        },
        "paintings": {
            "Mean": 5.583505859375,
            "Std Dev": 0.05679306479244605
        },
        "Average": {
            "Mean": 5.26453125,
            "Std Dev": 0.5478222631878154
        }
    },
    "DF-IF": {
        "concept-art": {
            "Mean": 5.680947265625,
            "Std Dev": 0.06373832296501143
        },
        "anime": {
            "Mean": 5.4000878906250005,
            "Std Dev": 0.04679486125504427
        },
        "photo": {
            "Mean": 5.22097900390625,
            "Std Dev": 0.06712975087215776
        },
        "paintings": {
            "Mean": 5.88975341796875,
            "Std Dev": 0.04595627284366527
        },
        "Average": {
            "Mean": 5.54794189453125,
            "Std Dev": 0.5451975301254813
        }
    },
    "RV": {
        "concept-art": {
            "Mean": 5.9050048828125,
            "Std Dev": 0.052391978577723354
        },
        "anime": {
            "Mean": 5.610747070312501,
            "Std Dev": 0.06356154992697928
        },
        "photo": {
            "Mean": 5.3282080078125,
            "Std Dev": 0.05535174017792196
        },
        "paintings": {
            "Mean": 6.1232373046875,
            "Std Dev": 0.07400059313794137
        },
        "Average": {
            "Mean": 5.74179931640625,
            "Std Dev": 0.5595101897423563
        }
    },
    "FD": {
        "concept-art": {
            "Mean": 4.9141455078125,
            "Std Dev": 0.07472605360608617
        },
        "anime": {
            "Mean": 4.504150390625,
            "Std Dev": 0.04364628214214626
        },
        "photo": {
            "Mean": 4.50434326171875,
            "Std Dev": 0.028437318172502318
        },
        "paintings": {
            "Mean": 5.10630126953125,
            "Std Dev": 0.06743012065127348
        },
        "Average": {
            "Mean": 4.757235107421875,
            "Std Dev": 0.555473349442198
        }
    },
    "DALLE": {
        "concept-art": {
            "Mean": 5.412802734375,
            "Std Dev": 0.04226980756276793
        },
        "anime": {
            "Mean": 5.2011083984374995,
            "Std Dev": 0.03183182616102815
        },
        "photo": {
            "Mean": 4.95122314453125,
            "Std Dev": 0.05685443218076468
        },
        "paintings": {
            "Mean": 5.546806640624999,
            "Std Dev": 0.06343808723516146
        },
        "Average": {
            "Mean": 5.277985229492187,
            "Std Dev": 0.5521190221886805
        }
    },
    "LDM": {
        "concept-art": {
            "Mean": 4.632530517578125,
            "Std Dev": 0.09965354963892369
        },
        "anime": {
            "Mean": 4.39922607421875,
            "Std Dev": 0.05130274460135604
        },
        "photo": {
            "Mean": 4.3476220703125,
            "Std Dev": 0.06605885321657702
        },
        "paintings": {
            "Mean": 4.82684326171875,
            "Std Dev": 0.059960061231541226
        },
        "Average": {
            "Mean": 4.551555480957031,
            "Std Dev": 0.6258190638026153
        }
    },
    "OJ": {
        "concept-art": {
            "Mean": 5.956259765625,
            "Std Dev": 0.08553824547567253
        },
        "anime": {
            "Mean": 5.5692041015625,
            "Std Dev": 0.06054486297217664
        },
        "photo": {
            "Mean": 5.296376953125,
            "Std Dev": 0.03743946147996012
        },
        "paintings": {
            "Mean": 6.13437744140625,
            "Std Dev": 0.07652284837138676
        },
        "Average": {
            "Mean": 5.739054565429687,
            "Std Dev": 0.5782026077422694
        }
    },
    "VQD": {
        "concept-art": {
            "Mean": 4.5630078125,
            "Std Dev": 0.057852581460802376
        },
        "anime": {
            "Mean": 4.43578125,
            "Std Dev": 0.03372647914032295
        },
        "photo": {
            "Mean": 4.595122070312501,
            "Std Dev": 0.04950310903476332
        },
        "paintings": {
            "Mean": 4.685734863281249,
            "Std Dev": 0.05100263614246121
        },
        "Average": {
            "Mean": 4.569911499023437,
            "Std Dev": 0.4588946628759679
        }
    },
    "glide": {
        "concept-art": {
            "Mean": 4.1632861328125,
            "Std Dev": 0.04593056684840643
        },
        "anime": {
            "Mean": 4.03040283203125,
            "Std Dev": 0.04757345048212193
        },
        "photo": {
            "Mean": 4.131474609374999,
            "Std Dev": 0.054244350358911
        },