{
    "Deliberate": {
        "concept-art": {
            "Mean": 0.30519524017348887,
            "Std Dev": 0.0037540461874832104
        },
        "anime": {
            "Mean": 0.31200798941776153,
            "Std Dev": 0.0025093865780451544
        },
        "photo": {
            "Mean": 0.26700847798958427,
            "Std Dev": 0.0036370106932755684
        },
        "paintings": {
            "Mean": 0.30517756586894396,
            "Std Dev": 0.0058943168998484
        },
        "Average": {
            "Mean": 0.29734731836244466,
            "Std Dev": 0.04333200640154505
        }
    },
    "Cog2": {
        "concept-art": {
            "Mean": 0.2763889884669334,
            "Std Dev": 0.004259258486977654
        },
        "anime": {
            "Mean": 0.24476463238708676,
            "Std Dev": 0.004233850184727571
        },
        "photo": {
            "Mean": 0.23048396104946733,
            "Std Dev": 0.0031650421510582326
        },
        "paintings": {
            "Mean": 0.27912571127060803,
            "Std Dev": 0.004482058626625291
        },
        "Average": {
            "Mean": 0.2576908232935239,
            "Std Dev": 0.049563525870980986
        }
    },
    "MM": {
        "concept-art": {
            "Mean": 0.2924439867772162,
            "Std Dev": 0.0037110377261240653
        },
        "anime": {
            "Mean": 0.30114889912307263,
            "Std Dev": 0.0035113931946419894
        },
        "photo": {
            "Mean": 0.2595993595570326,
            "Std Dev": 0.0034619881037697194
        },
        "paintings": {
            "Mean": 0.28802941711619495,
            "Std Dev": 0.005733587277422649
        },
        "Average": {
            "Mean": 0.2853054156433791,
            "Std Dev": 0.04358160302875399
        }
    },
    "CM": {
        "concept-art": {
            "Mean": 0.29640305116772653,
            "Std Dev": 0.003433258534133407
        },
        "anime": {
            "Mean": 0.3049519566260278,
            "Std Dev": 0.004058096996741859
        },
        "photo": {
            "Mean": 0.26335390973836187,
            "Std Dev": 0.0030170987048826516
        },
        "paintings": {
            "Mean": 0.2934937834180891,
            "Std Dev": 0.0035670254245526007
        },
        "Average": {
            "Mean": 0.28955067523755135,
            "Std Dev": 0.043051849584947045
        }
    },
    "DL": {
        "concept-art": {
            "Mean": 0.30202167004346847,
            "Std Dev": 0.006350038804401288
        },
        "anime": {
            "Mean": 0.309285317119211,
            "Std Dev": 0.0037779509069679495
        },
        "photo": {
            "Mean": 0.26135366309434177,
            "Std Dev": 0.004126913531795383
        },
        "paintings": {
            "Mean": 0.3024584670178593,
            "Std Dev": 0.004845488637017737
        },
        "Average": {
            "Mean": 0.2937797793187201,
            "Std Dev": 0.043786872847025336
        }
    },
    "VD": {
        "concept-art": {
            "Mean": 0.2691928092576564,
            "Std Dev": 0.0037677042791892496
        },
        "anime": {
            "Mean": 0.26773441681638355,
            "Std Dev": 0.004711888094168741
        },
        "photo": {
            "Mean": 0.24993713196367023,
            "Std Dev": 0.003105291193889953
        },
        "paintings": {
            "Mean": 0.2727951023355127,
            "Std Dev": 0.003274569609427235
        },
        "Average": {
            "Mean": 0.2649148650933057,
            "Std Dev": 0.038778150974004694
        }
    },
    "DF-IF": {
        "concept-art": {
            "Mean": 0.2820396808534861,
            "Std Dev": 0.004487545379213248
        },
        "anime": {
            "Mean": 0.2944319855980575,
            "Std Dev": 0.0055599657945840965
        },
        "photo": {
            "Mean": 0.2626632723025978,
            "Std Dev": 0.003781829948262733
        },
        "paintings": {
            "Mean": 0.27951013314537704,
            "Std Dev": 0.005697896627895823
        },
        "Average": {
            "Mean": 0.2796612679748796,
            "Std Dev": 0.04667330194888329
        }
    },
    "RV": {
        "concept-art": {
            "Mean": 0.30228801824152474,
            "Std Dev": 0.0030592576563225828
        },
        "anime": {
            "Mean": 0.3098669495992363,
            "Std Dev": 0.004709181428753541
        },
        "photo": {
            "Mean": 0.2620159264653921,
            "Std Dev": 0.004782151918299604
        },
        "paintings": {
            "Mean": 0.30322482449933885,
            "Std Dev": 0.005532783284333464
        },
        "Average": {
            "Mean": 0.294348929701373,
            "Std Dev": 0.04395961265620135
        }
    },
    "FD": {
        "concept-art": {
            "Mean": 0.28490506511181596,
            "Std Dev": 0.004012024802531109
        },
        "anime": {
            "Mean": 0.28583434596657753,
            "Std Dev": 0.003352198151847874
        },
        "photo": {
            "Mean": 0.27843599045649176,
            "Std Dev": 0.0036280275795940436
        },
        "paintings": {
            "Mean": 0.2831906567141414,
            "Std Dev": 0.003987481023447595
        },
        "Average": {
            "Mean": 0.2830915145622566,
            "Std Dev": 0.03990275767672632
        }
    },
    "DALLE": {
        "concept-art": {
            "Mean": 0.27468779479851946,
            "Std Dev": 0.004397571449899948
        },
        "anime": {
            "Mean": 0.29436574708670377,
            "Std Dev": 0.004761782079201137
        },
        "photo": {
            "Mean": 0.26141259691910823,
            "Std Dev": 0.0034824867752034218
        },
        "paintings": {
            "Mean": 0.2748511295765639,
            "Std Dev": 0.005325183123457585
        },
        "Average": {
            "Mean": 0.2763293170952238,
            "Std Dev": 0.04648707228732771
        }
    },
    "LDM": {
        "concept-art": {
            "Mean": 0.23195685301907357,
            "Std Dev": 0.006572080481270782
        },
        "anime": {
            "Mean": 0.24867486504837868,
            "Std Dev": 0.0049299073483056325
        },
        "photo": {
            "Mean": 0.2504631853662431,
            "Std Dev": 0.003916108001852638
        },
        "paintings": {
            "Mean": 0.23247265947982668,
            "Std Dev": 0.002816777672334599
        },
        "Average": {
            "Mean": 0.24089189072838052,
            "Std Dev": 0.04937513220452471
        }
    },
    "OJ": {
        "concept-art": {
            "Mean": 0.28948570739477875,
            "Std Dev": 0.002479183040550635
        },
        "anime": {
            "Mean": 0.2969877239875495,
            "Std Dev": 0.0029424860774604905
        },
        "photo": {
            "Mean": 0.25638953272253273,
            "Std Dev": 0.00269154174889263
        },
        "paintings": {
            "Mean": 0.2902706480771303,
            "Std Dev": 0.0037882545834837154
        },
        "Average": {
            "Mean": 0.2832834030454978,
            "Std Dev": 0.0414443145361082
        }
    },
    "VQD": {
        "concept-art": {
            "Mean": 0.22711850235238668,
            "Std Dev": 0.004649864925473865
        },
        "anime": {
            "Mean": 0.23197942094877363,
            "Std Dev": 0.0059652489930879845
        },
        "photo": {
            "Mean": 0.2395124777592718,
            "Std Dev": 0.005151644659125486
        },
        "paintings": {
            "Mean": 0.22505422620102764,
            "Std Dev": 0.002412925436702987
        },
        "Average": {
            "Mean": 0.23091615681536495,
            "Std Dev": 0.04223414995700571
        }
    },
    "glide": {
        "concept-art": {
            "Mean": 0.20344537353375927,
            "Std Dev": 0.006168752492404939
        },