{
    "Deliberate": {
        "concept-art": {
            "Mean": 21.70134765625,
            "Std Dev": 0.17650974153862525
        },
        "anime": {
            "Mean": 22.1044921875,
            "Std Dev": 0.0972756646425027
        },
        "photo": {
            "Mean": 22.07177734375,
            "Std Dev": 0.08221502155127519
        },
        "paintings": {
            "Mean": 21.741503906249996,
            "Std Dev": 0.06514105237645376
        },
        "Average": {
            "Mean": 21.9047802734375,
            "Std Dev": 1.2231870567765772
        }
    },
    "Cog2": {
        "concept-art": {
            "Mean": 20.3354296875,
            "Std Dev": 0.13651983856129019
        },
        "anime": {
            "Mean": 20.210830078124996,
            "Std Dev": 0.08878922629855206
        },
        "photo": {
            "Mean": 20.6211328125,
            "Std Dev": 0.1480921609909615
        },
        "paintings": {
            "Mean": 19.999453125,
            "Std Dev": 0.0887346539191555
        },
        "Average": {
            "Mean": 20.29171142578125,
            "Std Dev": 1.2408060868341106
        }
    },
    "MM": {
        "concept-art": {
            "Mean": 21.276074218749997,
            "Std Dev": 0.16297309087017486
        },
        "anime": {
            "Mean": 21.61072265625,
            "Std Dev": 0.10720608475055896
        },
        "photo": {
            "Mean": 21.794179687499998,
            "Std Dev": 0.10032059966569748
        },
        "paintings": {
            "Mean": 21.26361328125,
            "Std Dev": 0.13994797012258056
        },
        "Average": {
            "Mean": 21.4861474609375,
            "Std Dev": 1.2421556790768575
        }
    },
    "CM": {
        "concept-art": {
            "Mean": 21.167011718749997,
            "Std Dev": 0.17282711801907183
        },
        "anime": {
            "Mean": 21.5615234375,
            "Std Dev": 0.08657421266934241
        },
        "photo": {
            "Mean": 21.73857421875,
            "Std Dev": 0.08416746258752757
        },
        "paintings": {
            "Mean": 21.204687500000002,
            "Std Dev": 0.0806908248582739
        },
        "Average": {
            "Mean": 21.41794921875,
            "Std Dev": 1.2422083207214891
        }
    },
    "DL": {
        "concept-art": {
            "Mean": 21.544667968749998,
            "Std Dev": 0.21071250026214264
        },
        "anime": {
            "Mean": 21.876796875000004,
            "Std Dev": 0.1117151236845906
        },
        "photo": {
            "Mean": 21.9966796875,
            "Std Dev": 0.11017176309205763
        },
        "paintings": {
            "Mean": 21.649785156249997,
            "Std Dev": 0.08570967893482259
        },
        "Average": {
            "Mean": 21.766982421875,
            "Std Dev": 1.2329571765090108
        }
    },
    "VD": {
        "concept-art": {
            "Mean": 19.766875000000006,
            "Std Dev": 0.10501450937930366
        },
        "anime": {
            "Mean": 19.99310546875,
            "Std Dev": 0.11748887191995874
        },
        "photo": {
            "Mean": 20.94029296875,
            "Std Dev": 0.11857508737430991
        },
        "paintings": {
            "Mean": 19.868564453125,
            "Std Dev": 0.058298318526554906
        },
        "Average": {
            "Mean": 20.14220947265625,
            "Std Dev": 1.1827650365515685
        }
    },
    "DF-IF": {
        "concept-art": {
            "Mean": 20.272353515625,
            "Std Dev": 0.17646454894353134
        },
        "anime": {
            "Mean": 21.102890625,
            "Std Dev": 0.13520418902346282
        },
        "photo": {
            "Mean": 21.89447265625,
            "Std Dev": 0.11541891506681287
        },
        "paintings": {
            "Mean": 20.340820312500004,
            "Std Dev": 0.08380967249072716
        },
        "Average": {
            "Mean": 20.90263427734375,
            "Std Dev": 1.4353295539604418
        }
    },
    "RV": {
        "concept-art": {
            "Mean": 21.44646484375,
            "Std Dev": 0.17695968811124943
        },
        "anime": {
            "Mean": 21.9602734375,
            "Std Dev": 0.11392918820177912
        },
        "photo": {
            "Mean": 22.02966796875,
            "Std Dev": 0.09933742172566486
        },
        "paintings": {
            "Mean": 21.5928125,
            "Std Dev": 0.06764954002883766
        },
        "Average": {
            "Mean": 21.7573046875,
            "Std Dev": 1.2328945155257907
        }
    },
    "FD": {
        "concept-art": {
            "Mean": 19.291025390625002,
            "Std Dev": 0.1473308708897097
        },
        "anime": {
            "Mean": 19.318447265625004,
            "Std Dev": 0.09023905107016224
        },
        "photo": {
            "Mean": 19.9832421875,
            "Std Dev": 0.18447516975689693
        },
        "paintings": {
            "Mean": 19.2736328125,
            "Std Dev": 0.1316274610327381
        },
        "Average": {
            "Mean": 19.4665869140625,
            "Std Dev": 1.245723754587588
        }
    },
    "DALLE": {
        "concept-art": {
            "Mean": 19.969882812499996,
            "Std Dev": 0.16922715832785995
        },
        "anime": {
            "Mean": 20.875351562500004,
            "Std Dev": 0.1317898877908535
        },
        "photo": {
            "Mean": 21.274423828125002,
            "Std Dev": 0.14738743414610017
        },
        "paintings": {
            "Mean": 20.13724609375,
            "Std Dev": 0.13431790012528977
        },
        "Average": {
            "Mean": 20.56422607421875,
            "Std Dev": 1.3560551431999337
        }
    },
    "LDM": {
        "concept-art": {
            "Mean": 18.828681640625,
            "Std Dev": 0.1676927695624699
        },
        "anime": {
            "Mean": 19.5992578125,
            "Std Dev": 0.12918506926015455
        },
        "photo": {
            "Mean": 20.5685546875,
            "Std Dev": 0.10688898363151075
        },
        "paintings": {
            "Mean": 18.841943359374998,
            "Std Dev": 0.12153259890242547
        },
        "Average": {
            "Mean": 19.459609375,
            "Std Dev": 1.519020185385434
        }
    },
    "OJ": {
        "concept-art": {
            "Mean": 20.90814453125,
            "Std Dev": 0.13808386695097222
        },
        "anime": {
            "Mean": 21.23041015625,
            "Std Dev": 0.13572830555140897
        },
        "photo": {
            "Mean": 21.54794921875,
            "Std Dev": 0.076479160337587
        },
        "paintings": {
            "Mean": 20.98201171875,
            "Std Dev": 0.09271060577922123
        },
        "Average": {
            "Mean": 21.16712890625,
            "Std Dev": 1.1714778218532846
        }
    },
    "VQD": {
        "concept-art": {
            "Mean": 18.827822265624995,
            "Std Dev": 0.10063157385919798
        },
        "anime": {
            "Mean": 19.105859375,
            "Std Dev": 0.10106088566950477
        },
        "photo": {
            "Mean": 20.281015625000002,
            "Std Dev": 0.15829809552973034
        },
        "paintings": {
            "Mean": 18.890390625000002,
            "Std Dev": 0.122758390431223
        },
        "Average": {
            "Mean": 19.27627197265625,
            "Std Dev": 1.4518459525365772
        }
    },
    "glide": {
        "concept-art": {
            "Mean": 18.049541015624996,
            "Std Dev": 0.1748847530172975
        },
        "anime": {
            "Mean": 18.37275390625,
            "Std Dev": 0.15507267017523896
        },
        "photo": {
            "Mean": 19.837207031249996,
            "Std Dev": 0.2277846674406984
        },
        "paintings": {
            "Mean": 18.173632812500003,