{
    "Deliberate": {
        "concept-art": {
            "Mean": 29.347470703125005,
            "Std Dev": 0.33728301935890165
        },
        "anime": {
            "Mean": 30.150019531249995,
            "Std Dev": 0.32659442887889434
        },
        "photo": {
            "Mean": 27.411679687500005,
            "Std Dev": 0.5059908039931019
        },
        "paintings": {
            "Mean": 29.026357421875,
            "Std Dev": 0.19767844552727634
        },
        "Average": {
            "Mean": 28.9838818359375,
            "Std Dev": 3.9042941716179547
        }
    },
    "Cog2": {
        "concept-art": {
            "Mean": 24.063671875000004,
            "Std Dev": 0.36472305294528795
        },
        "anime": {
            "Mean": 22.55107421875,
            "Std Dev": 0.3544220590714137
        },
        "photo": {
            "Mean": 21.8486279296875,
            "Std Dev": 0.5033908546523722
        },
        "paintings": {
            "Mean": 22.73748046875,
            "Std Dev": 0.2832615201110712
        },
        "Average": {
            "Mean": 22.800213623046876,
            "Std Dev": 3.879157605545928
        }
    },
    "MM": {
        "concept-art": {
            "Mean": 27.691533203124997,
            "Std Dev": 0.3237884653283586
        },
        "anime": {
            "Mean": 28.784316406249996,
            "Std Dev": 0.5589327741540657
        },
        "photo": {
            "Mean": 26.866269531249998,
            "Std Dev": 0.5009438802844668
        },
        "paintings": {
            "Mean": 27.543251953125,
            "Std Dev": 0.3534979963933767
        },
        "Average": {
            "Mean": 27.7213427734375,
            "Std Dev": 4.160310524640803
        }
    },
    "CM": {
        "concept-art": {
            "Mean": 27.650087890625002,
            "Std Dev": 0.34997231087830366
        },
        "anime": {
            "Mean": 28.537783203124995,
            "Std Dev": 0.3751480813429988
        },
        "photo": {
            "Mean": 26.529863281249998,
            "Std Dev": 0.43874588445488416
        },
        "paintings": {
            "Mean": 27.565117187500004,
            "Std Dev": 0.4309245593788481
        },
        "Average": {
            "Mean": 27.570712890625,
            "Std Dev": 4.046549982034916
        }
    },
    "DL": {
        "concept-art": {
            "Mean": 28.636103515625003,
            "Std Dev": 0.28916245516990763
        },
        "anime": {
            "Mean": 29.59169921875,
            "Std Dev": 0.40797617466868147
        },
        "photo": {
            "Mean": 27.471962890625,
            "Std Dev": 0.5866917028377167
        },
        "paintings": {
            "Mean": 28.41974609375,
            "Std Dev": 0.2197417911389389
        },
        "Average": {
            "Mean": 28.5298779296875,
            "Std Dev": 4.135164569358449
        }
    },
    "VD": {
        "concept-art": {
            "Mean": 22.600341796875,
            "Std Dev": 0.4350754815965055
        },
        "anime": {
            "Mean": 22.62587890625,
            "Std Dev": 0.4797598122631453
        },
        "photo": {
            "Mean": 23.762734375,
            "Std Dev": 0.4287446068961155
        },
        "paintings": {
            "Mean": 23.152607421874997,
            "Std Dev": 0.3072654581736316
        },
        "Average": {
            "Mean": 23.035390625,
            "Std Dev": 3.822304046378496
        }
    },
    "DF-IF": {
        "concept-art": {
            "Mean": 24.797509765625,
            "Std Dev": 0.38628945615156063
        },
        "anime": {
            "Mean": 26.46876953125,
            "Std Dev": 0.2572998935964623
        },
        "photo": {
            "Mean": 26.6784375,
            "Std Dev": 0.3643134927282915
        },
        "paintings": {
            "Mean": 24.707177734375,
            "Std Dev": 0.37303542514026217
        },
        "Average": {
            "Mean": 25.6629736328125,
            "Std Dev": 4.042002450568401
        }
    },
    "RV": {
        "concept-art": {
            "Mean": 28.974238281250003,
            "Std Dev": 0.2801520105265621
        },
        "anime": {
            "Mean": 29.80978515625,
            "Std Dev": 0.32394665081060936
        },
        "photo": {
            "Mean": 27.437626953124997,
            "Std Dev": 0.5377198910373259
        },
        "paintings": {
            "Mean": 28.968095703124998,
            "Std Dev": 0.26648312548520886
        },
        "Average": {
            "Mean": 28.7974365234375,
            "Std Dev": 3.8657576010896424
        }
    },
    "FD": {
        "concept-art": {
            "Mean": 18.369375,
            "Std Dev": 0.32540377022704975
        },
        "anime": {
            "Mean": 18.229287109374997,
            "Std Dev": 0.15990648666164514
        },
        "photo": {
            "Mean": 18.89822265625,
            "Std Dev": 0.3788724030468931
        },
        "paintings": {
            "Mean": 18.0089794921875,
            "Std Dev": 0.4284361275136874
        },
        "Average": {
            "Mean": 18.376466064453126,
            "Std Dev": 2.91500864843071
        }
    },
    "DALLE": {
        "concept-art": {
            "Mean": 23.12474609375,
            "Std Dev": 0.40337117613973933
        },
        "anime": {
            "Mean": 24.87005859375,
            "Std Dev": 0.4330031349297702
        },
        "photo": {
            "Mean": 24.220976562500002,
            "Std Dev": 0.357802528475617
        },
        "paintings": {
            "Mean": 23.556904296875,
            "Std Dev": 0.41900052686944894
        },
        "Average": {
            "Mean": 23.94317138671875,
            "Std Dev": 3.9522366206822928
        }
    },
    "LDM": {
        "concept-art": {
            "Mean": 19.571103515625,
            "Std Dev": 0.4522572920270948
        },
        "anime": {
            "Mean": 20.5783203125,
            "Std Dev": 0.1948241012687614
        },
        "photo": {
            "Mean": 21.175263671874998,
            "Std Dev": 0.34800433562307465
        },
        "paintings": {
            "Mean": 19.71439453125,
            "Std Dev": 0.3620791424390592
        },
        "Average": {
            "Mean": 20.2597705078125,
            "Std Dev": 3.5617413726945006
        }
    },
    "OJ": {
        "concept-art": {
            "Mean": 26.550839843750005,
            "Std Dev": 0.3554463398670779
        },
        "anime": {
            "Mean": 27.418740234375,
            "Std Dev": 0.38755385596815767
        },
        "photo": {
            "Mean": 25.702011718749997,
            "Std Dev": 0.25558579197826514
        },
        "paintings": {
            "Mean": 26.717041015625,
            "Std Dev": 0.24132098423552714
        },
        "Average": {
            "Mean": 26.597158203125,
            "Std Dev": 3.827554109304262
        }
    },
    "VQD": {
        "concept-art": {
            "Mean": 18.0761376953125,
            "Std Dev": 0.3400039562177485
        },
        "anime": {
            "Mean": 18.2451318359375,
            "Std Dev": 0.32571115452308885
        },
        "photo": {
            "Mean": 20.392695312500003,
            "Std Dev": 0.46406485673196873
        },
        "paintings": {
            "Mean": 19.0283837890625,
            "Std Dev": 0.26952367450185477
        },
        "Average": {
            "Mean": 18.935587158203123,
            "Std Dev": 3.9480221550862895
        }
    },
    "glide": {
        "concept-art": {
            "Mean": 13.365010986328125,
            "Std Dev": 0.48742615165032693
        },
        "anime": {
            "Mean": 13.8022509765625,
            "Std Dev": 0.45147903130295336
        },
        "photo": {
            "Mean": 16.5675390625,
            "Std Dev": 0.5737340968967727
        },
        "paintings": {
            "Mean": 13.80894775390625,