{
    "Deliberate": {
        "concept-art": {
            "Mean": 27.5553515625,
            "Std Dev": 0.1028002699792784
        },
        "anime": {
            "Mean": 28.24541015625,
            "Std Dev": 0.1338285824956601
        },
        "photo": {
            "Mean": 27.7509765625,
            "Std Dev": 0.17531074183053263
        },
        "paintings": {
            "Mean": 27.52734375,
            "Std Dev": 0.10161079080302993
        },
        "Average": {
            "Mean": 27.7697705078125,
            "Std Dev": 1.4324751828076125
        }
    },
    "Cog2": {
        "concept-art": {
            "Mean": 26.607109375,
            "Std Dev": 0.1399698333936776
        },
        "anime": {
            "Mean": 26.22478515625,
            "Std Dev": 0.14183069957494684
        },
        "photo": {
            "Mean": 26.22318359375,
            "Std Dev": 0.2715183495209617
        },
        "paintings": {
            "Mean": 26.28046875,
            "Std Dev": 0.09112331846174389
        },
        "Average": {
            "Mean": 26.33388671875,
            "Std Dev": 1.3658411025236938
        }
    },
    "MM": {
        "concept-art": {
            "Mean": 27.25478515625,
            "Std Dev": 0.09007829651233158
        },
        "anime": {
            "Mean": 27.97484375,
            "Std Dev": 0.21202484503498498
        },
        "photo": {
            "Mean": 27.74830078125,
            "Std Dev": 0.1569590127010582
        },
        "paintings": {
            "Mean": 27.25568359375,
            "Std Dev": 0.14728076353099986
        },
        "Average": {
            "Mean": 27.5584033203125,
            "Std Dev": 1.533003744616915
        }
    },
    "CM": {
        "concept-art": {
            "Mean": 27.365312499999998,
            "Std Dev": 0.10133399775772407
        },
        "anime": {
            "Mean": 28.068789062500002,
            "Std Dev": 0.14034794756860108
        },
        "photo": {
            "Mean": 27.711367187500002,
            "Std Dev": 0.20014463535412416
        },
        "paintings": {
            "Mean": 27.390546875000002,
            "Std Dev": 0.15792747494121664
        },
        "Average": {
            "Mean": 27.63400390625,
            "Std Dev": 1.5147624950759269
        }
    },
    "DL": {
        "concept-art": {
            "Mean": 28.003789062500005,
            "Std Dev": 0.12259746177746599
        },
        "anime": {
            "Mean": 28.689335937499994,
            "Std Dev": 0.1375778865433061
        },
        "photo": {
            "Mean": 28.50177734375,
            "Std Dev": 0.20531882173278504
        },
        "paintings": {
            "Mean": 27.9938671875,
            "Std Dev": 0.11597580598229189
        },
        "Average": {
            "Mean": 28.2971923828125,
            "Std Dev": 1.6099154242742075
        }
    },
    "VD": {
        "concept-art": {
            "Mean": 26.1244140625,
            "Std Dev": 0.13988119806733884
        },
        "anime": {
            "Mean": 26.33103515625,
            "Std Dev": 0.17123403321615024
        },
        "photo": {
            "Mean": 26.979355468750004,
            "Std Dev": 0.23221153247855778
        },
        "paintings": {
            "Mean": 26.294570312500003,
            "Std Dev": 0.08705005161868926
        },
        "Average": {
            "Mean": 26.43234375,
            "Std Dev": 1.4844902689619015
        }
    },
    "DF-IF": {
        "concept-art": {
            "Mean": 26.91130859375,
            "Std Dev": 0.13911714521720087
        },
        "anime": {
            "Mean": 27.80056640625,
            "Std Dev": 0.11816795093034013
        },
        "photo": {
            "Mean": 27.98556640625,
            "Std Dev": 0.1725857430361524
        },
        "paintings": {
            "Mean": 27.02318359375,
            "Std Dev": 0.15388193439938627
        },
        "Average": {
            "Mean": 27.43015625,
            "Std Dev": 1.6874816694606272
        }
    },
    "RV": {
        "concept-art": {
            "Mean": 27.65822265625,
            "Std Dev": 0.10402184777758679
        },
        "anime": {
            "Mean": 28.362578125,
            "Std Dev": 0.13768210264649633
        },
        "photo": {
            "Mean": 27.94091796875,
            "Std Dev": 0.21721425282763906
        },
        "paintings": {
            "Mean": 27.67435546875,
            "Std Dev": 0.11523930901778097
        },
        "Average": {
            "Mean": 27.9090185546875,
            "Std Dev": 1.4717299218649322
        }
    },
    "FD": {
        "concept-art": {
            "Mean": 24.939550781250002,
            "Std Dev": 0.11545761777412183
        },
        "anime": {
            "Mean": 25.01791015625,
            "Std Dev": 0.10919984754894084
        },
        "photo": {
            "Mean": 25.336796875,
            "Std Dev": 0.2554498481873982
        },
        "paintings": {
            "Mean": 24.91064453125,
            "Std Dev": 0.18167754686070964
        },
        "Average": {
            "Mean": 25.0512255859375,
            "Std Dev": 1.3785564942456312
        }
    },
    "DALLE": {
        "concept-art": {
            "Mean": 26.4378125,
            "Std Dev": 0.14060346514798683
        },
        "anime": {
            "Mean": 27.297968749999995,
            "Std Dev": 0.1942281265020895
        },
        "photo": {
            "Mean": 27.2654296875,
            "Std Dev": 0.1772320339206659
        },
        "paintings": {
            "Mean": 26.616367187499996,
            "Std Dev": 0.15594579273259043
        },
        "Average": {
            "Mean": 26.90439453125,
            "Std Dev": 1.619214481008369
        }
    },
    "LDM": {
        "concept-art": {
            "Mean": 25.13033203125,
            "Std Dev": 0.1413065636732209
        },
        "anime": {
            "Mean": 25.744257812500003,
            "Std Dev": 0.11837765432280148
        },
        "photo": {
            "Mean": 25.977167968749995,
            "Std Dev": 0.1822348615222353
        },
        "paintings": {
            "Mean": 25.25392578125,
            "Std Dev": 0.17505894240523676
        },
        "Average": {
            "Mean": 25.5264208984375,
            "Std Dev": 1.5354428638990794
        }
    },
    "OJ": {
        "concept-art": {
            "Mean": 27.230078125,
            "Std Dev": 0.10238254423371923
        },
        "anime": {
            "Mean": 27.893222656250003,
            "Std Dev": 0.15707506895038004
        },
        "photo": {
            "Mean": 27.67119140625,
            "Std Dev": 0.15385632939799815
        },
        "paintings": {
            "Mean": 27.291874999999997,
            "Std Dev": 0.12130095679400348
        },
        "Average": {
            "Mean": 27.521591796875,
            "Std Dev": 1.4926209425686174
        }
    },
    "VQD": {
        "concept-art": {
            "Mean": 24.610097656249998,
            "Std Dev": 0.14212709724267886
        },
        "anime": {
            "Mean": 24.886796874999998,
            "Std Dev": 0.18708901083076193
        },
        "photo": {
            "Mean": 25.727363281249996,
            "Std Dev": 0.2314542035805407
        },
        "paintings": {
            "Mean": 24.9384375,
            "Std Dev": 0.14671616557062137
        },
        "Average": {
            "Mean": 25.040673828125,
            "Std Dev": 1.6668413648440776
        }
    },
    "glide": {
        "concept-art": {
            "Mean": 23.05599609375,
            "Std Dev": 0.1748638615363706
        },
        "anime": {
            "Mean": 23.342421875000003,
            "Std Dev": 0.19624841774466675
        },
        "photo": {
            "Mean": 24.4865234375,
            "Std Dev": 0.29115938668047203
        },
        "paintings": {
            "Mean": 23.244687499999998,
            "Std Dev": 0.17692358421329485
        },